Queen,BTMS0066,B124,Btern01,BT28,BTMS0062,BTMS0073,BT10,BL11,BT30,B96,BTMS0081,,,,,,,,,,,,,,,,,,,,,,,,,,,,,,,,,,,,,,,,,,,,,,,,,,,,,,,,,,,,,,,,,,,,,,,,,,,,,,,,,,,,,,,,,,,,,,,,
02_Qu_1_153,148/148,0/0,130/138,178/178,289/289,123/123,149/161,0/0,190/190,238/238,307/310,,,,,,,,,,,,,,,,,,,,,,,,,,,,,,,,,,,,,,,,,,,,,,,,,,,,,,,,,,,,,,,,,,,,,,,,,,,,,,,,,,,,,,,,,,,,,,,,
03_Qu_1_174,148/148,0/0,130/138,178/178,0/0,123/123,153/161,0/0,190/190,238/238,307/310,,,,,,,,,,,,,,,,,,,,,,,,,,,,,,,,,,,,,,,,,,,,,,,,,,,,,,,,,,,,,,,,,,,,,,,,,,,,,,,,,,,,,,,,,,,,,,,,
04_Qu_1_195,133/136,263/279,132/144,178/178,285/285,123/123,159/159,138/142,190/190,238/238,310/310,,,,,,,,,,,,,,,,,,,,,,,,,,,,,,,,,,,,,,,,,,,,,,,,,,,,,,,,,,,,,,,,,,,,,,,,,,,,,,,,,,,,,,,,,,,,,,,,
06_Qu_1_232,133/148,259/265,130/130,178/178,269/289,123/123,149/159,0/0,190/190,238/250,307/310,,,,,,,,,,,,,,,,,,,,,,,,,,,,,,,,,,,,,,,,,,,,,,,,,,,,,,,,,,,,,,,,,,,,,,,,,,,,,,,,,,,,,,,,,,,,,,,,
07_Qu_1_253,136/148,259/265,130/138,178/178,283/289,123/123,153/161,0/0,190/190,238/238,307/310,,,,,,,,,,,,,,,,,,,,,,,,,,,,,,,,,,,,,,,,,,,,,,,,,,,,,,,,,,,,,,,,,,,,,,,,,,,,,,,,,,,,,,,,,,,,,,,,
08_Qu_1_283,133/142,253/277,130/136,178/178,275/303,123/123,147/151,0/0,190/190,238/238,307/310,,,,,,,,,,,,,,,,,,,,,,,,,,,,,,,,,,,,,,,,,,,,,,,,,,,,,,,,,,,,,,,,,,,,,,,,,,,,,,,,,,,,,,,,,,,,,,,,
09_Qu_1_89,136/145,0/0,130/138,178/178,271/279,123/123,147/147,136/138,188/190,240/240,307/310,,,,,,,,,,,,,,,,,,,,,,,,,,,,,,,,,,,,,,,,,,,,,,,,,,,,,,,,,,,,,,,,,,,,,,,,,,,,,,,,,,,,,,,,,,,,,,,,
10_Qu_1_326,133/148,259/265,130/130,178/178,269/283,123/123,153/159,132/138,190/190,238/250,307/307,,,,,,,,,,,,,,,,,,,,,,,,,,,,,,,,,,,,,,,,,,,,,,,,,,,,,,,,,,,,,,,,,,,,,,,,,,,,,,,,,,,,,,,,,,,,,,,,
11_Qu_1_100,148/148,259/265,130/138,178/178,289/289,123/123,0/0,0/0,190/190,238/238,307/310,,,,,,,,,,,,,,,,,,,,,,,,,,,,,,,,,,,,,,,,,,,,,,,,,,,,,,,,,,,,,,,,,,,,,,,,,,,,,,,,,,,,,,,,,,,,,,,,
13_Qu_1_714,136/136,263/263,0/0,0/0,281/285,0/0,0/0,142/142,0/0,0/0,0/0,,,,,,,,,,,,,,,,,,,,,,,,,,,,,,,,,,,,,,,,,,,,,,,,,,,,,,,,,,,,,,,,,,,,,,,,,,,,,,,,,,,,,,,,,,,,,,,,
14_Qu_1_727,139/151,259/259,130/132,0/0,287/287,123/126,0/0,132/140,0/0,0/0,0/0,,,,,,,,,,,,,,,,,,,,,,,,,,,,,,,,,,,,,,,,,,,,,,,,,,,,,,,,,,,,,,,,,,,,,,,,,,,,,,,,,,,,,,,,,,,,,,,,
17_Qu_1_449,133/136,259/265,130/130,178/178,269/283,123/123,149/159,132/138,190/190,246/250,307/307,,,,,,,,,,,,,,,,,,,,,,,,,,,,,,,,,,,,,,,,,,,,,,,,,,,,,,,,,,,,,,,,,,,,,,,,,,,,,,,,,,,,,,,,,,,,,,,,
18_Qu_1_470,136/136,253/263,132/134,178/178,281/287,120/123,163/163,134/134,188/190,238/240,307/310,,,,,,,,,,,,,,,,,,,,,,,,,,,,,,,,,,,,,,,,,,,,,,,,,,,,,,,,,,,,,,,,,,,,,,,,,,,,,,,,,,,,,,,,,,,,,,,,
19_Qu_1_491,148/148,251/259,130/138,178/178,289/289,123/123,153/161,132/132,190/190,238/246,307/310,,,,,,,,,,,,,,,,,,,,,,,,,,,,,,,,,,,,,,,,,,,,,,,,,,,,,,,,,,,,,,,,,,,,,,,,,,,,,,,,,,,,,,,,,,,,,,,,
20_Qu_1_509,133/148,259/265,130/130,178/178,269/283,123/123,153/159,132/138,190/190,238/250,307/310,,,,,,,,,,,,,,,,,,,,,,,,,,,,,,,,,,,,,,,,,,,,,,,,,,,,,,,,,,,,,,,,,,,,,,,,,,,,,,,,,,,,,,,,,,,,,,,,
21_Qu_1_530,133/175,261/293,132/139,178/178,279/307,123/123,153/165,134/134,184/190,240/262,310/310,,,,,,,,,,,,,,,,,,,,,,,,,,,,,,,,,,,,,,,,,,,,,,,,,,,,,,,,,,,,,,,,,,,,,,,,,,,,,,,,,,,,,,,,,,,,,,,,
22_Qu_1_547,133/136,261/269,130/132,178/178,279/279,123/123,163/163,144/148,188/188,238/260,307/310,,,,,,,,,,,,,,,,,,,,,,,,,,,,,,,,,,,,,,,,,,,,,,,,,,,,,,,,,,,,,,,,,,,,,,,,,,,,,,,,,,,,,,,,,,,,,,,,
23_Qu_1_568,133/175,253/265,132/134,178/178,279/279,123/123,153/153,134/134,190/200,240/252,307/310,,,,,,,,,,,,,,,,,,,,,,,,,,,,,,,,,,,,,,,,,,,,,,,,,,,,,,,,,,,,,,,,,,,,,,,,,,,,,,,,,,,,,,,,,,,,,,,,
24_Qu_1_701,133/136,265/269,0/0,0/0,279/279,123/123,0/0,144/148,0/0,0/0,0/0,,,,,,,,,,,,,,,,,,,,,,,,,,,,,,,,,,,,,,,,,,,,,,,,,,,,,,,,,,,,,,,,,,,,,,,,,,,,,,,,,,,,,,,,,,,,,,,,
25_Qu_1_593,136/136,265/265,132/134,178/178,279/279,123/123,153/169,134/134,190/190,252/252,307/307,,,,,,,,,,,,,,,,,,,,,,,,,,,,,,,,,,,,,,,,,,,,,,,,,,,,,,,,,,,,,,,,,,,,,,,,,,,,,,,,,,,,,,,,,,,,,,,,
27_Qu_1_635,133/136,253/257,132/132,178/178,253/279,120/123,169/169,140/144,190/190,246/252,307/310,,,,,,,,,,,,,,,,,,,,,,,,,,,,,,,,,,,,,,,,,,,,,,,,,,,,,,,,,,,,,,,,,,,,,,,,,,,,,,,,,,,,,,,,,,,,,,,,
29_Qu_1_678,133/148,0/0,132/139,178/178,259/279,123/126,147/153,146/146,184/200,240/246,310/310,,,,,,,,,,,,,,,,,,,,,,,,,,,,,,,,,,,,,,,,,,,,,,,,,,,,,,,,,,,,,,,,,,,,,,,,,,,,,,,,,,,,,,,,,,,,,,,,
30_Qu_1_699,133/148,0/0,132/139,0/0,259/269,123/123,0/0,0/0,0/0,246/246,310/310,,,,,,,,,,,,,,,,,,,,,,,,,,,,,,,,,,,,,,,,,,,,,,,,,,,,,,,,,,,,,,,,,,,,,,,,,,,,,,,,,,,,,,,,,,,,,,,,
,,,,,,,,,,,,,,,,,,,,,,,,,,,,,,,,,,,,,,,,,,,,,,,,,,,,,,,,,,,,,,,,,,,,,,,,,,,,,,,,,,,,,,,,,,,,,,,,,,,,,,,,,,,
,,,,,,,,,,,,,,,,,,,,,,,,,,,,,,,,,,,,,,,,,,,,,,,,,,,,,,,,,,,,,,,,,,,,,,,,,,,,,,,,,,,,,,,,,,,,,,,,,,,,,,,,,,,